{
    "name":"US States",
    "label":"State",
    "locations":[
{"name":"Alaska",
"north":71.365162,
"west":-179.148909,
"south":51.214183,
"east":179.77847}
,{"name":"American Samoa",
"north":-11.046934,
"west":-171.089874,
"south":-14.548699,
"east":-168.1433}
,{"name":"Arizona",
"north":37.00426,
"west":-114.81651,
"south":31.332177,
"east":-109.045223}
,{"name":"Arkansas",
"north":36.4996,
"west":-94.617919,
"south":33.004106,
"east":-89.644395}
,{"name":"California",
"north":42.009518,
"west":-124.409591,
"south":32.534156,
"east":-114.131211}
,{"name":"Colorado",
"north":41.003444,
"west":-109.060253,
"south":36.992426,
"east":-102.041524}
,{"name":"Connecticut",
"north":42.050587,
"west":-73.727775,
"south":40.980144,
"east":-71.786994}
,{"name":"Delaware",
"north":39.839007,
"west":-75.788658,
"south":38.451013,
"east":-75.048939}
,{"name":"District of Columbia",
"north":38.99511,
"west":-77.119759,
"south":38.791645,
"east":-76.909395}
,{"name":"Florida",
"north":31.000888,
"west":-87.634938,
"south":24.523096,
"east":-80.031362}
,{"name":"Guam",
"north":13.654383,
"west":144.618068,
"south":13.234189,
"east":144.956712}
,{"name":"Hawaii",
"north":28.402123,
"west":-178.334698,
"south":18.910361,
"east":-154.806773}
,{"name":"Idaho",
"north":49.001146,
"west":-117.243027,
"south":41.988057,
"east":-111.043564}
,{"name":"Illinois",
"north":42.508481,
"west":-91.513079,
"south":36.970298,
"east":-87.494756}
,{"name":"Indiana",
"north":41.760592,
"west":-88.09776,
"south":37.771742,
"east":-84.784579}
,{"name":"Iowa",
"north":43.501196,
"west":-96.639704,
"south":40.375501,
"east":-90.140061}
,{"name":"Kansas",
"north":40.003162,
"west":-102.051744,
"south":36.993016,
"east":-94.588413}
,{"name":"Kentucky",
"north":39.147458,
"west":-89.571509,
"south":36.497129,
"east":-81.964971}
,{"name":"Louisiana",
"north":33.019457,
"west":-94.043147,
"south":28.928609,
"east":-88.817017}
,{"name":"Maine",
"north":47.459686,
"west":-71.083924,
"south":42.977764,
"east":-66.949895}
,{"name":"Maryland",
"north":39.723043,
"west":-79.487651,
"south":37.911717,
"east":-75.048939}
,{"name":"Massachusetts",
"north":42.886589,
"west":-73.508142,
"south":41.237964,
"east":-69.928393}
,{"name":"Michigan",
"north":48.2388,
"west":-90.418136,
"south":41.696118,
"east":-82.413474}
,{"name":"Minnesota",
"north":49.384358,
"west":-97.239209,
"south":43.499356,
"east":-89.491739}
,{"name":"Mississippi",
"north":34.996052,
"west":-91.655009,
"south":30.173943,
"east":-88.097888}
,{"name":"Missouri",
"north":40.61364,
"west":-95.774704,
"south":35.995683,
"east":-89.098843}
,{"name":"Montana",
"north":49.00139,
"west":-116.050003,
"south":44.358221,
"east":-104.039138}
,{"name":"Nebraska",
"north":43.001708,
"west":-104.053514,
"south":39.999998,
"east":-95.30829}
,{"name":"Nevada",
"north":42.002207,
"west":-120.005746,
"south":35.001857,
"east":-114.039648}
,{"name":"New Hampshire",
"north":45.305476,
"west":-72.557247,
"south":42.69699,
"east":-70.610621}
,{"name":"New Jersey",
"north":41.357423,
"west":-75.559614,
"south":38.928519,
"east":-73.893979}
,{"name":"New Mexico",
"north":37.000232,
"west":-109.050173,
"south":31.332301,
"east":-103.001964}
,{"name":"New York",
"north":45.01585,
"west":-79.762152,
"south":40.496103,
"east":-71.856214}
,{"name":"North Carolina",
"north":36.588117,
"west":-84.321869,
"south":33.842316,
"east":-75.460621}
,{"name":"North Dakota",
"north":49.000574,
"west":-104.0489,
"south":45.935054,
"east":-96.554507}
,{"name":"Ohio",
"north":41.977523,
"west":-84.820159,
"south":38.403202,
"east":-80.518693}
,{"name":"Oklahoma",
"north":37.002206,
"west":-103.002565,
"south":33.615833,
"east":-94.430662}
,{"name":"Oregon",
"north":46.292035,
"west":-124.566244,
"south":41.991794,
"east":-116.463504}
,{"name":"Pennsylvania",
"north":42.26986,
"west":-80.519891,
"south":39.7198,
"east":-74.689516}
,{"name":"Rhode Island",
"north":42.018798,
"west":-71.862772,
"south":41.146339,
"east":-71.12057}
,{"name":"South Carolina",
"north":35.215402,
"west":-83.35391,
"south":32.0346,
"east":-78.54203}
,{"name":"South Dakota",
"north":45.94545,
"west":-104.057698,
"south":42.479635,
"east":-96.436589}
,{"name":"Tennessee",
"north":36.678118,
"west":-90.310298,
"south":34.982972,
"east":-81.6469}
,{"name":"Texas",
"north":36.500704,
"west":-106.645646,
"south":25.837377,
"east":-93.508292}
,{"name":"United States Virgin Islands",
"north":18.412655,
"west":-65.085452,
"south":17.673976,
"east":-64.564907}
,{"name":"Utah",
"north":42.001567,
"west":-114.052962,
"south":36.997968,
"east":-109.041058}
,{"name":"Vermont",
"north":45.016659,
"west":-73.43774,
"south":42.726853,
"east":-71.464555}
,{"name":"Virginia",
"north":39.466012,
"west":-83.675395,
"south":36.540738,
"east":-75.242266}
,{"name":"Washington",
"north":49.002494,
"west":-124.763068,
"south":45.543541,
"east":-116.915989}
,{"name":"West Virginia",
"north":40.638801,
"west":-82.644739,
"south":37.201483,
"east":-77.719519}
,{"name":"Wisconsin",
"north":47.080621,
"west":-92.888114,
"south":42.491983,
"east":-86.805415}
,{"name":"Wyoming",
"north":45.005904,
"west":-111.056888,
"south":40.994746,
"east":-104.05216}
    ]}
